{"schemaVersion":"1.0","appDefinitionTemplate":{"id":"/providers/Microsoft.PowerApps/apps/","type":"Microsoft.PowerApps/apps","tags":{"primaryDeviceWidth":"1366","primaryDeviceHeight":"768","sienaVersion":"20231113T100832Z-3.23105.17.0","deviceCapabilities":"","supportsPortrait":"true","supportsLandscape":"true","primaryFormFactor":"Tablet","publisherVersion":"3.23105.17","minimumRequiredApiVersion":"2.2.0","hasComponent":"false","hasUnlockedComponent":"false","isUnifiedRootApp":"false","showStatusBar":"false"},"properties":{"appVersion":"2023-11-13T10:08:32Z","lifeCycleId":"Published","createdByClientVersion":{"major":3,"minor":23105,"build":17,"revision":0,"majorRevision":0,"minorRevision":0},"minClientVersion":{"major":3,"minor":23105,"build":17,"revision":0,"majorRevision":0,"minorRevision":0},"backgroundColor":"rgba(0, 134, 208, 1)","backgroundImageUri":"/8549059757922755635/N8e50328a-7dd4-44dd-99df-d2c566901aa3-logoSmallFile","displayName":"DiversIT EPR","description":"A simple EPR App that lets you access patient information of all sorts, schedule new appointments, and issue tasks in the internal forum","commitMessage":"","appUris":{"documentUri":{"value":"/8549059757922755635/N830f714f-7ed9-4f67-a667-19ffe561a3cc-document.msapp"},"imageUris":[],"additionalUris":[]},"createdTime":"0001-01-01T00:00:00Z","lastModifiedTime":"0001-01-01T00:00:00Z","sharedGroupsCount":0,"sharedUsersCount":0,"connectionReferences":{},"databaseReferences":{"default.cds":{"databaseDetails":{"referenceType":"Environmental","environmentName":"default.cds","overrideValues":{"status":"NotSpecified","environmentVariableName":""}},"dataSources":{"Tables_1":{"entitySetName":"cr6fd_table3s","logicalName":"cr6fd_table3"},"Trackings":{"entitySetName":"cr6fd_trackings","logicalName":"cr6fd_tracking"},"Task Managements":{"entitySetName":"cr6fd_newtables","logicalName":"cr6fd_newtable"},"Tables_2":{"entitySetName":"cr6fd_tables","logicalName":"cr6fd_table"},"Tables":{"entitySetName":"cr6fd_table5s","logicalName":"cr6fd_table5"}},"actions":["providers/PowerPlatform.Governance/Operations/Read","providers/PowerPlatform.Governance/Operations/Write"]}},"almMode":"Environment","performanceOptimizationEnabled":true,"canConsumeAppPass":true,"enableModernRuntimeMode":false,"executionRestrictions":{"isTeamsOnly":false,"dataLossPreventionEvaluationResult":{"status":"Compliant","lastEvaluationDate":"2023-11-11T15:05:36.7482057Z","violations":[],"violationsByPolicy":[],"violationErrorMessage":"The app uses the following connectors: ."}}},"appType":"ClassicCanvasApp","appComponents":[]}}